{
  "Component.js": 1676578449766,
  "xs-app.json": 1676579397806,
  "manifest.json": 1676579397806,
  "test/integration/pages/cust_SampleMDFObjectPage.js": 1676578449798,
  "test/integration/pages/cust_SampleMDFList.js": 1676578449798,
  "test/integration/opaTests.qunit.js": 1676578449790,
  "test/integration/FirstJourney.js": 1676578449798,
  "test/testsuite.qunit.js": 1676578449774,
  "i18n/i18n.properties": 1676578489990,
  "manifest-bundle.zip": 1676579406923,
  "Component-preload.js": 1676579407115,
  "test/testsuite.qunit-dbg.js": 1676578449774,
  "test/integration/pages/cust_SampleMDFList-dbg.js": 1676578449798,
  "test/integration/opaTests.qunit-dbg.js": 1676578449790,
  "test/integration/FirstJourney-dbg.js": 1676578449798,
  "test/integration/pages/cust_SampleMDFObjectPage-dbg.js": 1676578449798,
  "Component-dbg.js": 1676578449766,
  "test/integration/opaTests.qunit.html": 1676578449790,
  "test/testsuite.qunit.html": 1676578449774,
  "test/flpSandbox.html": 1676578449774,
  "localService/metadata.xml": 1676578449770,
  "index.html": 1676578449766
}