<?xml version="1.0" encoding="utf-8"?>
<edmx:Edmx Version="4.0" xmlns:edmx="http://docs.oasis-open.org/odata/ns/edmx">
    <edmx:Reference Uri="https://sap.github.io/odata-vocabularies/vocabularies/Common.xml">
        <edmx:Include Alias="Common" Namespace="com.sap.vocabularies.Common.v1"/>
    </edmx:Reference>
    <edmx:Reference Uri="https://oasis-tcs.github.io/odata-vocabularies/vocabularies/Org.OData.Core.V1.xml">
        <edmx:Include Alias="Core" Namespace="Org.OData.Core.V1"/>
    </edmx:Reference>
    <edmx:Reference Uri="https://sap.github.io/odata-vocabularies/vocabularies/UI.xml">
        <edmx:Include Alias="UI" Namespace="com.sap.vocabularies.UI.v1"/>
    </edmx:Reference>
    <edmx:DataServices>
        <Schema Namespace="cust_SampleMDFService" xmlns="http://docs.oasis-open.org/odata/ns/edm">
            <EntityContainer Name="EntityContainer">
                <EntitySet Name="cust_SampleMDF" EntityType="cust_SampleMDFService.cust_SampleMDF">
                    <NavigationPropertyBinding Path="SiblingEntity" Target="cust_SampleMDF"/>
                </EntitySet>
            </EntityContainer>
            <EntityType Name="cust_SampleMDF">
                <Key>
                    <PropertyRef Name="effectiveStartDate"/>
                    <PropertyRef Name="externalCode"/>
                    <PropertyRef Name="transactionSequence"/>
                    <PropertyRef Name="IsActiveEntity"/>
                </Key>
                <Property Name="effectiveStartDate" Type="Edm.Date" Nullable="false"/>
                <Property Name="externalCode" Type="Edm.String" MaxLength="100" Nullable="false"/>
                <Property Name="transactionSequence" Type="Edm.Int64" Nullable="false"/>
                <Property Name="cust_businessUnit" Type="Edm.String" MaxLength="255"/>
                <Property Name="cust_department" Type="Edm.String" MaxLength="255"/>
                <Property Name="cust_division" Type="Edm.String" MaxLength="255"/>
                <Property Name="cust_position" Type="Edm.String" MaxLength="255"/>
                <Property Name="cust_title" Type="Edm.String" MaxLength="255"/>
                <Property Name="externalName" Type="Edm.String" MaxLength="128"/>
                <Property Name="IsActiveEntity" Type="Edm.Boolean" Nullable="false" DefaultValue="true"/>
                <Property Name="HasActiveEntity" Type="Edm.Boolean" Nullable="false" DefaultValue="false"/>
                <Property Name="HasDraftEntity" Type="Edm.Boolean" Nullable="false" DefaultValue="false"/>
                <NavigationProperty Name="DraftAdministrativeData" Type="cust_SampleMDFService.DraftAdministrativeData" ContainsTarget="true"/>
                <NavigationProperty Name="SiblingEntity" Type="cust_SampleMDFService.cust_SampleMDF"/>
            </EntityType>
            <EntityType Name="DraftAdministrativeData">
                <Key>
                    <PropertyRef Name="DraftUUID"/>
                </Key>
                <Property Name="DraftUUID" Type="Edm.Guid" Nullable="false"/>
                <Property Name="CreationDateTime" Type="Edm.DateTimeOffset" Precision="7"/>
                <Property Name="CreatedByUser" Type="Edm.String" MaxLength="256"/>
                <Property Name="DraftIsCreatedByMe" Type="Edm.Boolean"/>
                <Property Name="LastChangeDateTime" Type="Edm.DateTimeOffset" Precision="7"/>
                <Property Name="LastChangedByUser" Type="Edm.String" MaxLength="256"/>
                <Property Name="InProcessByUser" Type="Edm.String" MaxLength="256"/>
                <Property Name="DraftIsProcessedByMe" Type="Edm.Boolean"/>
            </EntityType>
            <Action Name="draftPrepare" IsBound="true" EntitySetPath="in">
                <Parameter Name="in" Type="cust_SampleMDFService.cust_SampleMDF"/>
                <Parameter Name="SideEffectsQualifier" Type="Edm.String"/>
                <ReturnType Type="cust_SampleMDFService.cust_SampleMDF"/>
            </Action>
            <Action Name="draftActivate" IsBound="true" EntitySetPath="in">
                <Parameter Name="in" Type="cust_SampleMDFService.cust_SampleMDF"/>
                <ReturnType Type="cust_SampleMDFService.cust_SampleMDF"/>
            </Action>
            <Action Name="draftEdit" IsBound="true" EntitySetPath="in">
                <Parameter Name="in" Type="cust_SampleMDFService.cust_SampleMDF"/>
                <Parameter Name="PreserveChanges" Type="Edm.Boolean"/>
                <ReturnType Type="cust_SampleMDFService.cust_SampleMDF"/>
            </Action>
            <Annotations Target="cust_SampleMDFService.EntityContainer/cust_SampleMDF">
                <Annotation Term="Common.DraftRoot">
                    <Record Type="Common.DraftRootType">
                        <PropertyValue Property="ActivationAction" String="cust_SampleMDFService.draftActivate"/>
                        <PropertyValue Property="EditAction" String="cust_SampleMDFService.draftEdit"/>
                        <PropertyValue Property="PreparationAction" String="cust_SampleMDFService.draftPrepare"/>
                    </Record>
                </Annotation>
            </Annotations>
            <Annotations Target="cust_SampleMDFService.cust_SampleMDF/IsActiveEntity">
                <Annotation Term="UI.Hidden" Bool="true"/>
            </Annotations>
            <Annotations Target="cust_SampleMDFService.cust_SampleMDF/HasActiveEntity">
                <Annotation Term="UI.Hidden" Bool="true"/>
            </Annotations>
            <Annotations Target="cust_SampleMDFService.cust_SampleMDF/HasDraftEntity">
                <Annotation Term="UI.Hidden" Bool="true"/>
            </Annotations>
            <Annotations Target="cust_SampleMDFService.cust_SampleMDF/DraftAdministrativeData">
                <Annotation Term="UI.Hidden" Bool="true"/>
            </Annotations>
            <Annotations Target="cust_SampleMDFService.DraftAdministrativeData">
                <Annotation Term="Common.Label" String="{i18n>Draft_DraftAdministrativeData}"/>
                </Annotations>
                <Annotations Target="cust_SampleMDFService.DraftAdministrativeData/DraftUUID">
                    <Annotation Term="UI.Hidden" Bool="true"/>
                    <Annotation Term="Common.Label" String="{i18n>Draft_DraftUUID}"/>
                    </Annotations>
                    <Annotations Target="cust_SampleMDFService.DraftAdministrativeData/CreationDateTime">
                        <Annotation Term="Common.Label" String="{i18n>Draft_CreationDateTime}"/>
                        </Annotations>
                        <Annotations Target="cust_SampleMDFService.DraftAdministrativeData/CreatedByUser">
                            <Annotation Term="Common.Label" String="{i18n>Draft_CreatedByUser}"/>
                            </Annotations>
                            <Annotations Target="cust_SampleMDFService.DraftAdministrativeData/DraftIsCreatedByMe">
                                <Annotation Term="UI.Hidden" Bool="true"/>
                                <Annotation Term="Common.Label" String="{i18n>Draft_DraftIsCreatedByMe}"/>
                                </Annotations>
                                <Annotations Target="cust_SampleMDFService.DraftAdministrativeData/LastChangeDateTime">
                                    <Annotation Term="Common.Label" String="{i18n>Draft_LastChangeDateTime}"/>
                                    </Annotations>
                                    <Annotations Target="cust_SampleMDFService.DraftAdministrativeData/LastChangedByUser">
                                        <Annotation Term="Common.Label" String="{i18n>Draft_LastChangedByUser}"/>
                                        </Annotations>
                                        <Annotations Target="cust_SampleMDFService.DraftAdministrativeData/InProcessByUser">
                                            <Annotation Term="Common.Label" String="{i18n>Draft_InProcessByUser}"/>
                                            </Annotations>
                                            <Annotations Target="cust_SampleMDFService.DraftAdministrativeData/DraftIsProcessedByMe">
                                                <Annotation Term="UI.Hidden" Bool="true"/>
                                                <Annotation Term="Common.Label" String="{i18n>Draft_DraftIsProcessedByMe}"/>
                                                </Annotations>
                                            </Schema>
                                        </edmx:DataServices>
                                    </edmx:Edmx>